index	name	annotation	Control_10h	Control_24h	Control_2h	Control_6h	Virus_10h	Virus_24h	Virus_2h	Virus_6h	Contrib.Control_10h	Contrib.Control_24h	Contrib.Control_2h	Contrib.Control_6h	Contrib.Virus_10h	Contrib.Virus_24h	Contrib.Virus_2h	Contrib.Virus_6h	Contrib	GroupContrib	color	importance
P11142	Heat shock cognate 71 kDa protein;HSPA8;ortholog		1.77362428545482	-0.810416737182215	-1.0778153636516499	0.7059512688021959	0.784379167584271	-0.6884061563888149	-1.0618819166970999	0.615859335261495	True	False	False	False	False	False	False	False	False	Control_10h	#388ECC	0.45939973636926296
P08865	40S ribosomal protein SA;RPSA;ortholog	ribosomal protein(PC00202)	2.08282233948972	-0.5798249858636301	-0.789735815818353	0.320291642879797	0.767053988886965	-0.8815715558764571	-0.9901812302229279	0.27984529137742603	True	False	False	False	False	False	False	False	False	Control_10h	#388ECC	0.39676000209273704
Q14978			1.6866114015570899	-0.546828750743573	-0.836080297036537	0.829101711720635	0.417660806871966	-1.23952478153416	-0.948607516914867	0.7782638107275179	True	False	False	False	False	False	False	False	False	Control_10h	#388ECC	0.34915800828836
P40616			-0.608381803671827	0.458432144392055	0.5579683303277211	1.2897210199284699	-1.69861445824077	-0.073765703759944	-0.6066562138146899	0.17844816467441801	False	False	False	True	False	False	False	False	False	Control_6h	#009E73	0.282702769283537
P19338	Nucleolin;NCL;ortholog		1.7691544532713799	-0.522629663057384	-0.6814597179331819	0.798107311681086	0.295509618646621	-1.02430487823712	-1.14220185924729	0.6796412751399189	True	False	False	False	False	False	False	False	False	Control_10h	#388ECC	0.28019113170661
Q9NZM1			0.235503805622392	-0.798847388699988	-0.43290270570603795	1.55177703994557	-1.4762452105989199	1.1965783542775201	-0.222383256139643	0.7816621018534459	False	False	False	True	False	False	False	False	False	Control_6h	#009E73	0.269444492053442
P08238	Heat shock protein HSP 90-beta;HSP90AB1;ortholog	Hsp90 family chaperone(PC00028)	1.08832256419956	-0.871398810882519	-0.7327284640658741	0.7772816294934108	0.117790268478327	-0.22022747066858803	-1.1246442563325802	0.804173225158289	True	False	False	False	False	False	False	False	False	Control_10h	#388ECC	0.26393048593309804
Q02218			0.0819534575915662	-0.8320987721199492	-0.0263666797330199	1.0770761965148299	-1.78549657298619	0.7018400517323679	0.32517068943515903	0.326990036024917	False	False	False	True	False	False	False	False	False	Control_6h	#009E73	0.26069961368861605
Q14558			-0.551342953255127	-1.01431996801422	0.6587823115535429	1.7186759023308	-0.916325700713691	-0.660405260188209	-0.130835178777016	1.0752466435347	False	False	False	True	False	False	False	False	False	Control_6h	#009E73	0.252730157014749
P50995			-0.142508468418307	-0.7366606360085091	-0.15954326649828798	1.3000054640913101	-1.31565878715859	0.927932047244264	-0.648036887188436	1.3047806089043301	False	False	False	False	False	False	False	True	False	Virus_6h	#D55E00	0.25194979601558803
P27635	60S ribosomal protein L10;RPL10;ortholog	ribosomal protein(PC00202)	1.60305780025545	-0.342236437215769	-0.903120399151089	0.16396329392328501	0.37279495515218697	0.140039045420313	-1.2104225407026201	0.401986430183141	True	False	False	False	False	False	False	False	False	Control_10h	#388ECC	0.21660580724819395
Q06210			-0.7951751942406391	0.0533465946441311	0.740417832930553	1.39438071030092	-1.35961961433192	-0.7716135022159809	0.6545051158662671	0.49669211835979105	False	False	False	True	False	False	False	False	False	Control_6h	#009E73	0.213691340201381
O43707			0.284539905991817	-0.792210325467354	-0.183059425931354	1.3295051155567	-1.1742547116196298	-0.5774391725924	0.0543564632688288	0.959740736550722	False	False	False	True	False	False	False	False	False	Control_6h	#009E73	0.21054897671449502
P05787	Keratin		1.13579614371272	-1.38962919835913	-0.58304246781007	1.01914400768465	0.595997073875959	-0.8035979700606741	-0.745156366850359	0.904970384304246	True	False	False	False	False	False	False	False	False	Control_10h	#388ECC	0.20979196697589603
P15311			-0.628956217199463	-0.8666263240988199	0.509291146304544	1.22995562804656	-1.47889275696231	-0.8399957390960919	0.5850250626100971	1.02676761543701	False	False	False	True	False	False	False	False	False	Control_6h	#009E73	0.199818842875912
P06748	Nucleophosmin;NPM1;ortholog	chaperone(PC00072)	1.7353209292005198	-0.59182246012289	-1.00795960009421	0.37371575002030893	0.35299162404821	-0.6328858882685571	-0.961313920528321	0.9115794121530141	True	False	False	False	False	False	False	False	False	Control_10h	#388ECC	0.19709997106895896
Q9UPT5			0.524518043692671	-0.645104252879365	-0.0586097978816362	1.6300875457777602	-1.3400308909319398	-1.3295627924648001	0.6290148188751971	0.524329090017865	False	False	False	True	False	False	False	False	False	Control_6h	#009E73	0.194537693153161
Q14566	DNA replication licensing factor MCM6;MCM6;ortholog	DNA binding protein(PC00009)	1.14001017253752	-0.46392919331862703	-1.281655841711	1.1118779140838502	0.38318375475001293	0.664343116810152	-1.36156681453053	0.227262856603733	True	False	False	False	False	False	False	False	False	Control_10h	#388ECC	0.19405501838011302
P05783	Keratin		1.19819659213089	-1.1208440359066398	-0.574042907970365	0.8451928674226099	0.7678715996414	-1.4462828045696101	-0.7426836016250359	0.839040622988451	True	False	False	False	False	False	False	False	False	Control_10h	#388ECC	0.18503019119751302
P11216	Glycogen phosphorylase	glycosyltransferase(PC00111)	2.12864564793118	-0.759869067917615	-0.8056424897311311	-0.009391388961435791	1.08616476616282	-0.30839955078673903	-0.435671510035349	-0.0283554474093263	True	False	False	False	False	False	False	False	False	Control_10h	#388ECC	0.18500000309605
P61769			-0.6502086077317061	0.22938827048033397	0.166824957164595	1.2122685143318301	-1.53403019247103	0.381616002225591	0.31631416655831396	0.435767050294865	False	False	False	True	False	False	False	False	False	Control_6h	#009E73	0.17361920011590498
O60701			-0.186948693130903	-0.511290431558771	0.27381651643901395	1.5697286031405402	-0.9603846725947759	-1.63808646248927	0.120464998308623	1.09486582938988	False	False	False	True	False	False	False	False	False	Control_6h	#009E73	0.173371927555194
Q9P0L0			0.19771341674442	0.638737294998032	-0.0743747036966807	1.26978450585667	-1.69297367693274	0.444240285306089	-0.312046452365528	0.40721332042435	False	False	False	True	False	False	False	False	False	Control_6h	#009E73	0.168713668054367
Q9C0C2			-0.494284642430784	-0.305860172876209	0.9113156909176751	0.39200452477834596	-1.7638364676319298	0.5798793863155279	-0.34900720976270505	0.133733378655201	False	False	True	False	False	False	False	False	False	Control_2h	#C2C2C2	0.163912248470306
P05388			1.57292795066392	-0.681008305293865	-0.464464799691603	0.664630006538969	0.644292307683451	-0.31485509091810804	-1.09879488207749	0.0438877909816304	True	False	False	False	False	False	False	False	False	Control_10h	#388ECC	0.158473272799661
P32969	60S ribosomal protein L9;RPL9P9;ortholog	ribosomal protein(PC00202)	1.6776858928373999	-0.859985701548097	-0.9339873653140591	0.32164585420334396	0.7065249650334009	0.00111129773766918	-0.322317307238761	-0.360000397275253	True	False	False	False	False	False	False	False	False	Control_10h	#388ECC	0.143154839131681
P07858			0.11974782299863498	-0.160778046430163	0.7539777784887071	0.7190260385089459	-0.15425437981005302	-2.34924801096449	0.4074234931828549	0.806526592609455	False	False	False	False	False	False	False	True	False	Virus_6h	#D55E00	0.142813517619407
O75369			-0.885390263199494	-0.644616364392252	0.13073649120113198	1.30435047508799	-0.990248135586485	-0.623348661292187	0.651005107577903	1.36853694247865	False	False	False	False	False	False	False	True	False	Virus_6h	#D55E00	0.139738377990587
O76003			1.37377415993085	-0.636098603293458	-0.7909206105358649	0.8036182685517529	-0.6154760885341011	0.7355602296692209	-1.39428239640977	0.593385637783696	True	False	False	False	False	False	False	False	False	Control_10h	#388ECC	0.12987108220953802
P68104	Elongation factor 1-alpha 1;EEF1A1;ortholog	translation factor(PC00223)	1.2642682097867	-0.825999782704134	-0.41247199364888304	0.9929050801704309	0.21140442381518698	-1.42943228212867	-0.604534083043208	0.887033882011119	True	False	False	False	False	False	False	False	False	Control_10h	#388ECC	0.121479856725312
Q9H223			0.36956960242861703	-0.469695139397352	0.53906762994042	0.775925525552424	-1.36336519817786	-1.51725710076442	0.17938512785362198	0.8972243715206569	False	False	False	False	False	False	False	True	False	Virus_6h	#D55E00	0.12017598384586801
P08134			-0.450906616462082	-0.7455759806795931	0.47142874073338503	0.892308515870627	-1.3774146027614098	0.715990366497583	-0.23239936223936	0.9377245332783741	False	False	False	False	False	False	False	True	False	Virus_6h	#D55E00	0.117964243094307
O14950			1.27867353632605	-0.7564951826769442	-0.227055527927973	0.8456941485777258	-1.57798794590628	-0.7642621428367901	0.311995444274961	1.07112224762391	True	False	False	False	False	False	False	False	False	Control_10h	#388ECC	0.116854653568788
O00560			0.6734333434077521	0.0967754362000984	-0.243481144566928	1.33849841868592	-1.44954685102557	0.46850980370715	-0.019849295594974	0.432951992889738	False	False	False	True	False	False	False	False	False	Control_6h	#009E73	0.115320710552545
O00299			0.44714046422829906	-0.312018480804101	0.559940869616341	1.78263609900785	-1.05452282544532	-0.859779021121674	-0.43680824502879095	0.7637914193160771	False	False	False	True	False	False	False	False	False	Control_6h	#009E73	0.113769869042845
P61158	Actin-related protein 3;ACTR3;ortholog	actin and actin related protein(PC00039)	-0.702818373910965	0.307599990850524	0.8549181821043649	1.5759818934869	-1.03306726064162	-0.9294161660797801	0.0588014696344237	0.488306010465416	False	False	False	True	False	False	False	False	False	Control_6h	#009E73	0.11283096836537199
Q04837			2.17371514632537	-0.6096138660412671	-0.622424802178826	0.12010086715809802	-0.39814718391122705	0.279288221460057	-0.7117768152738629	0.445666381485951	True	False	False	False	False	False	False	False	False	Control_10h	#388ECC	0.10642235748561399
P09543			-0.584950292668204	-0.952535684068612	0.193672391455849	2.06737376856633	-0.992738756607159	-0.144301142698819	0.535825671349157	0.8091823104587941	False	False	False	True	False	False	False	False	False	Control_6h	#009E73	0.10574235293027699
Q9NUN5			-0.374398575995684	0.8819051993032471	-0.170444470135542	0.29673404412861	-1.9548563303332702	0.8551589985620941	0.27552903220743896	-0.293402179640143	False	True	False	False	False	False	False	False	False	Control_24h	#F68B33	0.105224297404408
P78417			0.061160994521679	-1.00460583138276	-0.554823705828718	0.669387210523821	-1.29176234572146	1.3135554053823602	-0.434658640270307	0.0316176354275975	False	False	False	False	False	True	False	False	False	Virus_24h	#F0E442	0.10518378655667801
P11021			0.428393754705877	-1.02853190015394	0.0467565543704227	1.54367038811728	-1.0444733015572099	0.0766098372057639	-0.33709093683082597	1.10701415980567	False	False	False	True	False	False	False	False	False	Control_6h	#009E73	0.0980412951334761
Q08211			1.83852291432034	-0.208147733389434	-0.88975072143176	0.386736520349456	0.5053140647319	-1.25954518416509	-0.7483770955371509	0.40928256631403404	True	False	False	False	False	False	False	False	False	Control_10h	#388ECC	0.0909072218543513
O00541			1.40604873779025	-0.19740279472197303	-1.1211842589699599	0.676498354756945	-0.36942460198706	-0.502685570426952	-1.05616188173071	0.460649744223549	True	False	False	False	False	False	False	False	False	Control_10h	#388ECC	0.0902776099604381
Q6DKI1			0.160001371250309	-1.00111232508339	-0.424926816722392	1.9164967098896102	-0.74711228314742	-1.05462878060006	-0.189946495180803	1.06910181721671	False	False	False	True	False	False	False	False	False	Control_6h	#009E73	0.0880443234618143
P62841	40S ribosomal protein S15;RPS15;ortholog	ribosomal protein(PC00202)	1.7875665859617498	-0.909253674861532	-0.7973860192889541	-0.0920775188908287	0.736879847103578	-0.43442337419640603	-0.778628287858457	0.12477718252779302	True	False	False	False	False	False	False	False	False	Control_10h	#388ECC	0.0868754594422601
Q8NC51			1.00728533185683	-0.0153327613924532	-1.41403455008662	1.14868897270595	0.480932842683058	-0.30650414178442603	-0.7552217539027158	0.30362826454890995	False	False	False	True	False	False	False	False	False	Control_6h	#009E73	0.0841718119742701
Q8WU90			-0.0100217725194416	0.75237128868166	0.262562712816472	1.53147806896317	-1.12978350682071	-0.7079097740121709	0.19969469336025197	0.22640600628783603	False	False	False	True	False	False	False	False	False	Control_6h	#009E73	0.0826457397147336
Q9Y3I0			0.500444175633932	0.528865574557091	0.38378059608845705	0.507155969796195	-2.17412819148973	0.0689271347106927	0.142220071028207	1.3604040770719499	False	False	False	False	False	False	False	True	False	Virus_6h	#D55E00	0.0824155383724514
P0DMV9			-0.0607032231200665	-1.3260330572247199	-0.0901386055053717	1.3485584384151599	-0.8572722245208501	-1.01149291116945	0.49898430273582506	1.54422908046527	False	False	False	False	False	False	False	True	False	Virus_6h	#D55E00	0.0812216789394558
Q96GQ7			0.7994524077614521	-0.143797187854122	0.0394881032157604	2.02655869171712	-0.619157305810786	-0.249166002732617	-0.647219215897491	0.38028254866096295	False	False	False	True	False	False	False	False	False	Control_6h	#009E73	0.0796247980391705
Q15758			0.45902587581543103	-0.0378463071088013	-0.108663193863829	0.45904611176524496	-0.133894036244762	-2.47239579523564	0.370060935739365	1.01904498437899	False	False	False	False	False	False	False	True	False	Virus_6h	#D55E00	0.0752948730361571
Q9BUL9	Ribonuclease P protein subunit p25;RPP25;ortholog	endoribonuclease(PC00094)	-0.0120189171237451	0.14196780927955802	-1.12973824264842	1.58380232900129	-1.0740449933092	1.48823591712681	-0.631700299003874	0.197296336142738	False	False	False	True	False	False	False	False	False	Control_6h	#009E73	0.0715045596509253
P35606			0.5416420012147299	0.019897863437648	0.30961012611480704	0.885169146885146	-1.92275691711905	-0.876859463484043	-0.316625515101925	0.38610045940582394	False	False	False	True	False	False	False	False	False	Control_6h	#009E73	0.0647857530520149
Q96HC4			0.276273658860144	-0.0641907861093083	0.19412440324871696	1.83592880621182	-0.681873369867786	-1.8390861968028798	-0.452319628552924	0.473351416937029	False	False	False	True	False	False	False	False	False	Control_6h	#009E73	0.059287722068895994
O43399			1.36862021395032	-0.179982180186362	0.1534723794029	0.7227377578594559	-0.114449662695237	-0.291947508190362	-1.33145317561272	0.527718094429574	True	False	False	False	False	False	False	False	False	Control_10h	#388ECC	0.0544861619407118
Q9UHB6			-0.128347578113427	-0.0309717906958866	0.881357383765424	0.913822176743014	-1.3617830577173897	-1.3481810215132999	0.35710596579463505	0.6289980780958779	False	False	False	True	False	False	False	False	False	Control_6h	#009E73	0.052874525691499
Q13501			-0.243181522816258	-1.7553499573619198	0.41472849043562604	1.4533045615328797	-0.230960854411418	-1.1946740977615	0.27499561572067605	1.22146879602419	False	False	False	True	False	False	False	False	False	Control_6h	#009E73	0.0520713477498362
P35754	Glutaredoxin-1;GLRX;ortholog		-0.120351844026495	-1.6800872308563402	1.06651975881998	1.1217776328698799	-0.6320675733979799	-0.5577455253945339	0.48700341552804605	0.37666109188427	False	False	False	True	False	False	False	False	False	Control_6h	#009E73	0.0502782084324557
O95197			-1.22120259213924	-1.6990953141515202	0.7226965408530749	0.745531936027645	-0.202373847165613	0.26903736474831497	0.5400081540475989	0.6066050650677021	False	False	False	True	False	False	False	False	False	Control_6h	#009E73	0.0439025438161034
Q12849			0.362339057181063	-0.513712134578481	0.501359489898685	1.24500510567383	-1.0730848709046399	-1.2181134805703402	-0.595284876545896	1.02146763077059	False	False	False	True	False	False	False	False	False	Control_6h	#009E73	0.0404105696626214
P49368			1.1675695986431398	-0.321195864485558	-1.16080725598922	0.27643823528314193	0.5164896956501289	1.26965710636633	-1.36356501405006	0.378622118382661	False	False	False	False	False	True	False	False	False	Virus_24h	#F0E442	0.0371498928401097
Q12864			0.476778091653519	-0.10221197273058999	0.5384035397601961	0.928909439342863	-0.333373309262086	-2.3596539759778197	0.31890947888057697	0.5023571735072879	False	False	False	True	False	False	False	False	False	Control_6h	#009E73	0.0369385566360982
P60468			0.6020424295001761	0.18101053655107502	0.0343984803432895	0.6317601446346579	0.0307430563955758	-2.33922599636569	0.14238572293839902	0.708574576482365	False	False	False	False	False	False	False	True	False	Virus_6h	#D55E00	0.0350945723489753
P11387			0.610177189587726	-1.66716498181916	0.038484718225017	1.25785255125294	-0.6316003443813499	-0.232623097140852	-0.435929567324402	0.8463065710267671	False	False	False	True	False	False	False	False	False	Control_6h	#009E73	0.0339031962100263
P52948			0.0342089291458139	-0.28019647621800703	-0.987984071922082	0.6972124836944671	-1.36397513927021	1.44191371459396	0.10521819007303099	0.981573887064683	False	False	False	False	False	True	False	False	False	Virus_24h	#F0E442	0.0311493659506627
P36578			1.5362137871316799	-0.503684546286277	-0.520174851826744	0.747838285478758	0.5090661766147829	-1.6412705408236101	-0.632785653007563	0.5308143384234061	True	False	False	False	False	False	False	False	False	Control_10h	#388ECC	0.0243747173087227
P26038			-0.852148650446408	-1.32990414927325	0.27451665980089	-0.451897355557062	0.47030338249173104	0.324401621266125	0.9262480767065141	-0.12027955909224199	False	False	False	False	False	False	True	False	False	Virus_2h	black	0.0184776554302822
Q13242			1.3611325579781597	0.9577584061117791	0.0353740683127964	1.15609105190387	-1.8323294919729998	-0.968133444507197	-0.582916862373626	0.226379754968975	True	False	False	False	False	False	False	False	False	Control_10h	#388ECC	0.015712177491348997
Q06124			0.0334916511945613	-1.9632438577338303	0.53296686598917	0.39777857733734706	0.13099608289308	1.7093997883441399	-0.472408267091101	-0.213454579285303	False	False	False	False	False	True	False	False	False	Virus_24h	#F0E442	0.014583402156773
Q9NTZ6			0.368279311739387	-0.6780364868610521	1.1124766786026001	1.3758488882795399	-1.42286514019946	-0.252913809680323	-0.244091595981642	0.0782284363448878	False	False	False	True	False	False	False	False	False	Control_6h	#009E73	0.0134845923237997
Q9Y4L1			1.0928074428244698	-0.5454382911634821	-0.107440487993096	1.16565342887731	-0.996495226307203	0.0179133002720181	-0.624579462817021	0.5600670806786511	False	False	False	True	False	False	False	False	False	Control_6h	#009E73	0.0117193275346846
O75348			0.44466684697134	0.40729580169436796	0.172526182347367	0.7668078748995509	-0.295518891848916	-2.36236461663884	0.21795899743230499	0.48662928159808705	False	False	False	True	False	False	False	False	False	Control_6h	#009E73	0.0104378531071826
Q08379			-0.474988432971234	-1.1850432456453	1.48681238009354	-0.599449450334328	0.181839678483434	-0.8334730843306701	0.574538797490417	0.32505551249917997	False	False	True	False	False	False	False	False	False	Control_2h	#C2C2C2	0.0067469194696919395
Q07020			0.85521560685678	-0.40147401786003095	-1.1346758481005401	0.759109660686625	0.0384012170334821	-0.567619703409864	-0.7952196096762479	0.699385534187641	True	False	False	False	False	False	False	False	False	Control_10h	#388ECC	0.00389547127762635
P36543			0.614426654770294	0.749139216960224	0.970698159621231	-0.22418468663768698	-2.13348284732496	-0.5803232011284051	-0.599041854625581	0.5314626290950301	False	False	True	False	False	False	False	False	False	Control_2h	#C2C2C2	0.00319533678054588
P05204			-0.0725046803035934	0.8913507757322809	-0.127606654078236	-0.15319486821650302	-0.8945009909762809	1.17169535126793	-0.35294725398370297	-0.617314581846519	False	False	False	False	False	True	False	False	False	Virus_24h	#F0E442	-0.0036001861460410603
Q9Y2R0			0.27458313568993	0.581729092828059	-0.44690767383569896	-0.40019995278378906	-0.260965218436243	0.23166878140297198	-0.461057767440036	-0.447697024844855	False	True	False	False	False	False	False	False	False	Control_24h	#F68B33	-0.0038740609321539898
P07339			-0.0219483492508739	1.5035355269409498	-0.293776284236213	0.559294310924356	0.524371663738187	-2.0631436763878	-0.0421001060398112	-0.42706083190545396	False	True	False	False	False	False	False	False	False	Control_24h	#F68B33	-0.00400926516499552
Q9UBU8			0.23477830456707702	1.72261307070115	-0.652474415918074	1.04644901112444	-0.9654654914299129	-0.922928349146619	0.079355895081607	-0.45903010247726894	False	True	False	False	False	False	False	False	False	Control_24h	#F68B33	-0.00440772000966725
P61604			1.4011150552923302	1.18140936801114	-0.8352645281810659	0.448997471001476	0.051668557480085996	-1.25456905092347	-1.04347796117251	0.15223427612764598	True	False	False	False	False	False	False	False	False	Control_10h	#388ECC	-0.00488380736732171
Q8WUM4			-0.30373723251038	1.43094905308316	-0.461318784379057	0.920873408757903	-0.946819164100665	0.40053579455469196	0.23984793509652697	-0.44425169191815794	False	True	False	False	False	False	False	False	False	Control_24h	#F68B33	-0.00579150729756106
Q6UW68			-0.712264201972256	1.99073972680363	-0.43485106570466897	0.102973663134966	-0.156027911265791	0.0818847612616208	-1.1016292148567501	1.16978316375818	False	True	False	False	False	False	False	False	False	Control_24h	#F68B33	-0.006095979708160729
Q12972			0.870793438575321	1.2656187229684601	-0.24207601097796697	0.21137043076327897	-0.5454779379930029	-0.359242513629762	-0.7674221632752151	0.23554659572105602	False	True	False	False	False	False	False	False	False	Control_24h	#F68B33	-0.00836334316703031
P35658			0.9381955909427341	1.58675271822373	0.0377472979681595	0.0736549317637682	-0.521605513277822	-0.522915252777608	0.21888461710947	-0.7463167915768969	False	True	False	False	False	False	False	False	False	Control_24h	#F68B33	-0.0100412240676175
O00767			-0.17932420022361398	2.02235626505312	0.545787951864956	-0.37119475288952397	-0.81740581584233	-1.4729727992424801	0.668598597297372	-0.7286421846238961	False	True	False	False	False	False	False	False	False	Control_24h	#F68B33	-0.0102291871989323
P63208			1.10544617613777	1.45916432486037	-0.263843640587127	0.38105501281116905	-1.15937485051493	-1.48099963554912	-0.482801994208156	0.304374605063444	False	True	False	False	False	False	False	False	False	Control_24h	#F68B33	-0.01276722861755
P12955			0.6166487007019971	1.44437168335596	0.24353562460536998	-0.271123131288807	-0.6717681382240971	-1.40514669121596	0.505252305494796	-0.583617874285569	False	True	False	False	False	False	False	False	False	Control_24h	#F68B33	-0.0130485219400709
Q9NUJ1			1.0368103256242	1.51008508375618	-0.601166735846598	-0.480549854781109	0.580386345345349	-1.16796003738676	-0.0266189082514958	-0.557532734497415	False	True	False	False	False	False	False	False	False	Control_24h	#F68B33	-0.0153583543570813
P63167			0.41425484643657795	1.78508923887155	0.243773587184446	-0.9746308917633749	0.189861433737828	-1.68369737219619	-0.9670007683484722	0.505563286858633	False	True	False	False	False	False	False	False	False	Control_24h	#F68B33	-0.0156939847408484
Q96EL3	39S ribosomal protein L53		0.10229912452375	1.29470169907579	-0.742754804092011	1.6257006455207699	-0.901301643318267	-0.469964683525565	-0.579209950625326	0.42705819373068	False	False	False	True	False	False	False	False	False	Control_6h	#009E73	-0.0158854408350212
Q8WXX5			0.16940652154209698	-0.308135452069906	-0.635839020691782	0.0170231613370109	-0.272362019549869	2.33131241659398	-1.0438597158400602	-0.29975806512331893	False	False	False	False	False	True	False	False	False	Virus_24h	#F0E442	-0.0162327397000649
Q96EY8			-0.6116276869624591	2.2887190517420097	-0.528633411495465	-0.7924704579449351	-0.164713365419605	-0.48299705051816405	0.873110206900246	-0.674242302469639	False	True	False	False	False	False	False	False	False	Control_24h	#F68B33	-0.0162536987019751
Q96DG6			-0.408774354430001	-0.562056952614493	-0.36034397541842206	-0.14351471365641	-0.0516586255642795	2.13966277245828	-0.034717238190083	-0.47699114091239	False	False	False	False	False	True	False	False	False	Virus_24h	#F0E442	-0.0184650724057943
Q15642			-0.138466036148731	-0.527041522206575	-0.0703388342121802	-0.320259950174396	-0.0910092604668957	2.3999656349633702	-0.6947112193366339	-0.44934993665929707	False	False	False	False	False	True	False	False	False	Virus_24h	#F0E442	-0.0186563213721105
Q9P0J0			0.8161129977392791	2.2162588268720897	0.128719614954345	0.0475544555880998	-0.8303966269466229	-0.573380739738254	-0.189008481605362	-0.7551826691394499	False	True	False	False	False	False	False	False	False	Control_24h	#F68B33	-0.0205642000425104
Q9BPW8			-0.6562244266712521	1.3528069606951298	-0.8853519504032908	-0.33912153079254703	0.2736591287197	1.1693698841547702	-0.843099188468325	-0.798202948920192	False	True	False	False	False	False	False	False	False	Control_24h	#F68B33	-0.0209818919293579
O43676			0.13890587868688	1.9180376147298601	0.43100128654598996	0.43217850791073403	-1.03860172451521	-1.60006983113875	-0.44142060575370706	0.242938162671582	False	True	False	False	False	False	False	False	False	Control_24h	#F68B33	-0.0214929345872637
O75496			0.289702834356566	2.23772243916184	0.151329905090268	0.11376983794756301	-0.23388622152039001	-1.2378888734159599	-0.26982260776517397	-0.564880159838134	False	True	False	False	False	False	False	False	False	Control_24h	#F68B33	-0.0219963728439683
P00367			-0.306541653740539	1.54895577433615	0.22513498765914605	0.563775044394542	-1.09618181651607	-0.6950555024820051	-0.31841201433987604	-0.144106260692418	False	True	False	False	False	False	False	False	False	Control_24h	#F68B33	-0.0232641008664845
P29966			-0.10242051615781501	1.91182184202694	0.32485553825136604	0.0115466860367717	-0.996795876325233	-0.745371234054766	0.409328407347573	-0.288230534363458	False	True	False	False	False	False	False	False	False	Control_24h	#F68B33	-0.0245592554960422
P53597			0.038849053456900005	2.35091683692379	0.138847267581272	0.07781264150216399	-1.0478863867588601	-0.993963572424362	0.280829182639624	-0.659732325181714	False	True	False	False	False	False	False	False	False	Control_24h	#F68B33	-0.0272165166324528
Q53EL6			-0.7701994667665791	1.52339172993388	0.305859001084086	-0.6160031262309399	-0.541201580930168	0.222487562582667	-0.0671847165983384	-0.373451448293991	False	True	False	False	False	False	False	False	False	Control_24h	#F68B33	-0.0272618096095016
P21399			0.36693746952648604	1.88283330633845	0.16149432538462197	-0.465730931895644	-0.530207499195897	-0.735412253794782	0.677575348062339	-1.3353448298633	False	True	False	False	False	False	False	False	False	Control_24h	#F68B33	-0.0286935112310633
P55039			0.32606528330539397	0.634512292312844	0.15808497236199898	0.588974748642177	0.0573765775994715	-0.638815525124444	-0.43691338772232	-0.7836437364022629	False	True	False	False	False	False	False	False	False	Control_24h	#F68B33	-0.0292318351280845
O60493			-0.24230286933970802	1.82803456784963	0.47691166355745296	-0.927931617434621	-1.5125841463168501	0.6105628858508121	0.257192650605135	-0.362959079962534	False	True	False	False	False	False	False	False	False	Control_24h	#F68B33	-0.031428748158693995
P28370			-0.653674086516611	1.46531218062556	0.895562791735528	-0.7275184552430491	-1.02055953247722	1.00721127724721	0.485269683290258	-1.10376104474125	False	True	False	False	False	False	False	False	False	Control_24h	#F68B33	-0.0315722149558248
Q9Y3B7			0.9506534650289641	2.23634116211259	-0.262931180666386	-0.7425806116604321	0.193231767106152	0.169033163914496	-0.134094599999206	-1.4076776462146599	False	True	False	False	False	False	False	False	False	Control_24h	#F68B33	-0.0340404910487406
Q16890			1.3951810218773002	1.24339681542725	-0.8904539097910731	0.16437329692014901	0.460410874843154	0.0585525879607853	-1.5119024081118997	-0.453530885579043	True	False	False	False	False	False	False	False	False	Control_10h	#388ECC	-0.0352535876494078
Q9UHL4			0.15507437860084697	1.54061930062837	-0.208313500308279	-0.224554584029474	-1.39876067347785	0.594492603620282	0.534163496326843	-0.7441642029254579	False	True	False	False	False	False	False	False	False	Control_24h	#F68B33	-0.0362227478590416
O00483			0.607065393010065	1.4779092149536002	-0.328899471314616	0.620499372894725	-0.655517937363479	-1.72795760583694	0.0571445731865262	-0.140385968529114	False	True	False	False	False	False	False	False	False	Control_24h	#F68B33	-0.0373037162389306
O75643	U5 small nuclear ribonucleoprotein 200 kDa helicase;SNRNP200;ortholog	scaffold/adaptor protein(PC00226)	0.62908634078608	1.3827529349589398	0.542208602831156	0.37015224452201895	-1.06555106961239	-0.378796652472006	-1.33008193362398	-1.0922409730994398	False	True	False	False	False	False	False	False	False	Control_24h	#F68B33	-0.0407604526137444
Q9Y383			-0.37943627410381303	1.69631188609557	-1.46758672200706	-0.111221256946175	-0.751962220427387	0.30986224122173606	0.293246759304438	-0.0791449839240645	False	True	False	False	False	False	False	False	False	Control_24h	#F68B33	-0.0431174762384322
L0R819			0.696568230042915	1.05453877389753	-0.0419098183884367	0.5855311557789411	-0.0607223050990445	-1.33155022866454	-0.6722862082974119	-0.6544180868306371	False	True	False	False	False	False	False	False	False	Control_24h	#F68B33	-0.0431762049159864
P46926			1.04621113981094	1.4422930444977	0.367331778895289	-0.185135381141705	-0.306893121918698	-0.846947110984254	-1.2127738996887398	-0.28902291444655	False	True	False	False	False	False	False	False	False	Control_24h	#F68B33	-0.0449129627689553
P46781			1.6093628434828002	1.2569834209111201	-0.116882039633764	-0.36702485997714207	-0.322915129590408	-0.27752623606472	-0.721106816603421	-1.1932891382785	True	False	False	False	False	False	False	False	False	Control_10h	#388ECC	-0.0452705390883646
P21281			-0.0423791536996886	1.74939301904246	-0.304741614670081	1.08404852986877	-0.934030735009234	-1.1446538535943702	-0.195324335466978	-0.0851763504408694	False	True	False	False	False	False	False	False	False	Control_24h	#F68B33	-0.0453684273082574
P82932			0.3984103610569721	2.21945627942638	-0.435283638912313	-0.223148556003305	0.238802614673941	-1.4254398509095	0.13979418615054598	-0.41584661274523205	False	True	False	False	False	False	False	False	False	Control_24h	#F68B33	-0.0467246926761578
P22307			-0.135127883789557	1.6851368197849599	0.0630745237842238	0.619172061914196	-0.8943820705767529	-0.8175327382548458	-0.0764397387173949	-0.435353881729945	False	True	False	False	False	False	False	False	False	Control_24h	#F68B33	-0.0475573650518843
P13667			0.295157856996205	1.6173591329856798	-0.24816520232769199	0.878829329159953	-0.655464283068276	-0.491267803178741	-0.8244678077850061	0.20162895466411498	False	True	False	False	False	False	False	False	False	Control_24h	#F68B33	-0.0483541642739384
P49327			1.90314874538313	1.09412480198999	-1.11138703691246	-0.0392673535409428	0.321875622766028	0.334661681368019	-0.534438652423175	-0.97712482855057	True	False	False	False	False	False	False	False	False	Control_10h	#388ECC	-0.0495143908149253
Q9UH65			0.583414861484014	1.24045237119615	-0.0577222047510809	-0.478887230495856	-0.731662218149399	-0.296116449693357	-0.22794484597164003	-0.507473343164443	False	True	False	False	False	False	False	False	False	Control_24h	#F68B33	-0.0498060357037728
Q9UNE7			-0.157555665265549	-0.745210837932664	0.0304188167404036	-0.28910151213714397	-0.6502689254832529	2.2248895893777703	-0.540308824209752	-0.339821906533927	False	False	False	False	False	True	False	False	False	Virus_24h	#F0E442	-0.0550114460272997
Q9NYK5			0.411388124721505	1.9498322375606	-0.7801956502240358	-0.501563785144852	-1.04277997760922	0.0563548799439344	-0.638611631367499	0.575013993515663	False	True	False	False	False	False	False	False	False	Control_24h	#F68B33	-0.0574225449732701
Q96BN8			-0.30714660469427196	-0.32671055547519606	-0.3572240170826071	-0.0497757611819041	-0.356001156693075	2.98831264674693	-0.420173570597698	-0.46453875727766797	False	False	False	False	False	True	False	False	False	Virus_24h	#F0E442	-0.0576116355565414
Q9NQW6			-0.623061753589781	1.66509727973708	0.0156373744314222	-0.518392266505966	-0.9454113683676221	-0.65842785189412	0.433179553915976	-0.288595414921357	False	True	False	False	False	False	False	False	False	Control_24h	#F68B33	-0.0588383609078621
P14625			1.3955414084253202	0.974493794783202	-1.21792087790941	0.930727079799418	-1.027446378074	0.10705799917242699	-0.74428245055583	-0.476866418028273	True	False	False	False	False	False	False	False	False	Control_10h	#388ECC	-0.0589088997569586
Q86TG7			-0.9421216474526891	1.9312309119001	0.23654135462189999	-0.505768311920064	0.447261692868194	-0.08853806024272999	-0.367773771751031	-1.13499159722181	False	True	False	False	False	False	False	False	False	Control_24h	#F68B33	-0.059302770615281
P28062			1.23421700888922	0.8267162717250981	0.166192190892104	-0.932123678113817	1.3910412645039198	-0.989091385080848	-1.6554094229450902	-0.711758848765449	False	False	False	False	True	False	False	False	False	Virus_10h	#CC79A7	-0.0616044449447287
P38117			0.10953409134826599	1.85838949782134	0.600995863621965	0.403802334622984	-1.22533568831851	-1.31548363014152	-0.5546060169727379	-0.254256240361687	False	True	False	False	False	False	False	False	False	Control_24h	#F68B33	-0.062142272404764005
O75874			0.287220247389158	2.09979137077431	0.38192246455431	0.21354515874829397	-0.38820934691616	-1.46634073022508	-0.178581556147881	-0.348621556754326	False	True	False	False	False	False	False	False	False	Control_24h	#F68B33	-0.0633704358773013
Q9NWH9			0.6553114886733139	-0.543189507911897	-0.31915390699094004	-0.35272202560932703	1.25330971885709	0.684204353469201	-0.203443528641211	-0.7767143382730121	False	False	False	False	True	False	False	False	False	Virus_10h	#CC79A7	-0.0635331965831074
P21912			0.9774582897411709	1.49795545726821	0.30541571953040103	0.17641497251615598	-1.05676454854884	-0.638527895134329	-0.33103720459084	-0.593759442300526	False	True	False	False	False	False	False	False	False	Control_24h	#F68B33	-0.0699292851294577
P07305			-0.33867168442813694	2.19532280623676	0.474545851620318	-0.366220529729836	-0.576591797386896	-1.03762920960723	0.36595873662109896	-0.649911996585258	False	True	False	False	False	False	False	False	False	Control_24h	#F68B33	-0.0707238153461863
P68402			0.0172463890655271	-0.21401334352210802	-0.755766756876453	-0.9054068251799169	0.9702782829773641	-0.522762319382694	0.8191380144378599	-0.48236183341386796	False	False	False	False	True	False	False	False	False	Virus_10h	#CC79A7	-0.0709700988622121
P42224			0.041535860890265994	1.46103603163752	-0.28357804092776	0.83355957690687	-0.822853092104864	0.9813546802655501	-0.6921139346326589	-0.9103853523144899	False	True	False	False	False	False	False	False	False	Control_24h	#F68B33	-0.0763909734843944
P61201			-0.0397180533372086	-0.4450733497213521	0.0390295714700312	-0.405265004578481	0.0736046432841481	2.6739625531567	-0.5031429518334251	-0.739763971456391	False	False	False	False	False	True	False	False	False	Virus_24h	#F0E442	-0.0766613620586824
Q8N983			-0.67716054486314	1.69989797771873	-0.957190527984745	-0.12076063225707	-0.11456870924889098	1.2339064977184901	-0.517352712057961	-0.8539755977802279	False	True	False	False	False	False	False	False	False	Control_24h	#F68B33	-0.0802588565319052
O43181			0.454670598362804	1.34306042245862	0.147885508080356	0.263790915599695	-0.93954606605198	0.24762540164092803	-0.125286747406084	-1.0365913091021999	False	True	False	False	False	False	False	False	False	Control_24h	#F68B33	-0.081970411104872
Q9Y294			0.887254270381461	1.6666442406686899	0.23310866977950195	-0.7855727418477109	-0.158000303926507	-0.227959709332828	-1.06913904119931	-1.46196702033432	False	True	False	False	False	False	False	False	False	Control_24h	#F68B33	-0.0829065207120529
Q9GZZ1			0.733517227323718	1.3089478451165202	-0.711798022135549	0.0176200502733188	0.42463848169503704	-0.0407307121478139	-1.25269907476434	-0.23292859361374602	False	True	False	False	False	False	False	False	False	Control_24h	#F68B33	-0.084852222142466
Q13011			-0.399661046906714	2.0941862727330802	-0.158435294323119	0.19031113677315897	-0.7808214645396641	-0.34331269915225393	0.400813198962007	-0.964584430576919	False	True	False	False	False	False	False	False	False	Control_24h	#F68B33	-0.0881761020507679
Q9Y230			-0.18835122898989898	-0.25178430412127106	-0.23238776064588898	-0.352758460497254	-0.453027574532408	1.87782275920035	-0.26823719507629395	-0.374327974496631	False	False	False	False	False	True	False	False	False	Virus_24h	#F0E442	-0.089700455599634
P30520			0.0783841129820517	-0.304361573234297	-0.5431799595800999	-0.0703077493714792	-0.587381656794763	2.58015224858868	-0.6515257048415091	-0.269660326311524	False	False	False	False	False	True	False	False	False	Virus_24h	#F0E442	-0.0904784890015805
Q6PJT7			0.47670657050839405	0.213816009571071	-0.548160483975066	-1.2914706821330801	1.40061737800733	1.10577092871448	-0.0458943646376226	-0.836436876345449	False	False	False	False	True	False	False	False	False	Virus_10h	#CC79A7	-0.0977789118735303
Q16363			0.0604987352112497	-0.361532943536527	-0.8985437238894319	-0.590283014408895	1.77908876451904	1.78193670286589	-0.25388611687511103	-1.29082832288624	False	False	False	False	False	True	False	False	False	Virus_24h	#F0E442	-0.097937868770544
Q16698			-0.496398053009833	1.95596609663213	-0.46514244580756897	-0.3905363036672371	-0.37198906264273907	0.677825706523303	0.0641141514966751	-1.1708706611950501	False	True	False	False	False	False	False	False	False	Control_24h	#F68B33	-0.100631541515315
P55263			0.211551475585225	0.9708880325550879	-0.583870150932096	-0.345288774380984	-0.305474096050531	0.227690956073767	-0.990535937619681	-0.4316899669714	False	True	False	False	False	False	False	False	False	Control_24h	#F68B33	-0.10111773856322
Q9NX14			-0.779949116425838	2.24844909939863	-0.408465251420289	0.4676885358320221	-1.2849269223688302	-0.0324906664689093	-0.0711150835121549	-0.108630040076704	False	True	False	False	False	False	False	False	False	Control_24h	#F68B33	-0.103471930667834
P08133			-0.192784881411254	0.4951660974568371	0.811550095082899	-0.870641206450977	1.5293833301408701	-0.675888871682639	0.0895671644415487	-0.39796411476646104	False	False	False	False	True	False	False	False	False	Virus_10h	#CC79A7	-0.10509054100867402
Q9UFW8			0.979162107543019	1.87360244904017	-0.268774654019883	-0.023806483976494	-0.0742439221501248	-0.990219940224882	-0.19671619992305103	-0.7377727831604279	False	True	False	False	False	False	False	False	False	Control_24h	#F68B33	-0.10808059518890402
Q99615			0.7830464484562301	1.8560865843800602	-0.9684143030747092	-0.8547501100107171	-0.429669955567884	0.7244863666409971	0.416311804870224	-0.8241691343683509	False	True	False	False	False	False	False	False	False	Control_24h	#F68B33	-0.10894006379944401
P30048			0.15651074655999803	2.2082091578046	-0.664525594307674	-0.388403162757242	-0.9434552880606429	-0.526412820027385	0.0967522460047544	0.142002473165001	False	True	False	False	False	False	False	False	False	Control_24h	#F68B33	-0.10924462025888199
P16401			-0.44824670653517296	2.66296504306434	-0.227890750821953	-0.279457898586286	-0.408316818024956	0.240010126889837	-0.1592312903166	-0.886391053067467	False	True	False	False	False	False	False	False	False	Control_24h	#F68B33	-0.109735383222991
P30084			0.18618580780561	1.914077992718	-0.575401140762839	-1.09821840066747	-0.631373589537446	1.08299938354611	-0.49150081339618495	-0.465047424010713	False	True	False	False	False	False	False	False	False	Control_24h	#F68B33	-0.11059895774097199
Q13492			-0.450297919543226	2.35361939637698	-0.22466011966387	-0.880560525405157	-0.11822781554266698	0.4818508409930371	0.0046261999383764	-1.16889658078866	False	True	False	False	False	False	False	False	False	Control_24h	#F68B33	-0.11125874928348599
P09525			-0.0502303791219877	2.23517044958038	-0.0303775570826528	0.0852309408753767	-0.370044889648633	-1.6504426320427799	-0.0705205211690898	-0.17114911287133197	False	True	False	False	False	False	False	False	False	Control_24h	#F68B33	-0.11423828497346601
O60784			-0.630283865839159	2.0131315061492	-0.39898827356359995	-0.343783416296656	-0.642167280811053	0.095844588020216	0.296993724961971	-1.13442648996036	False	True	False	False	False	False	False	False	False	Control_24h	#F68B33	-0.11448542087063801
P10619			0.440276826879101	1.73865562835021	-0.348896308031621	0.53596802381715	-0.7326688088095251	-1.27382850547048	-0.447232855153861	0.040229673743973	False	True	False	False	False	False	False	False	False	Control_24h	#F68B33	-0.116882736662428
P15531			0.8690439349304541	-0.280345720750437	-0.444305029854006	-1.0795015204774399	0.801254739252256	0.12162123003911698	-0.289780787110082	-0.984886332202105	True	False	False	False	False	False	False	False	False	Control_10h	#388ECC	-0.117332361255879
Q8IXI1			0.356627928936259	1.73417981513407	-1.00796746869503	-0.34325425894397804	-0.521145327486913	-0.302830989184952	-0.8135978037317909	0.0734910605580654	False	True	False	False	False	False	False	False	False	Control_24h	#F68B33	-0.11928247873569
P18669			0.50019954712813	2.06385027173819	-0.0103598172458655	0.20336260898793102	-0.7742289368654549	-0.701665541642269	0.5489995216472121	-0.9674258412283321	False	True	False	False	False	False	False	False	False	Control_24h	#F68B33	-0.12194040743997502
P21291	Cysteine and glycine-rich protein 1;CSRP1;ortholog	actin or actin-binding cytoskeletal protein(PC00041)	-0.6764964413019561	-0.36771612823693395	-0.414200630150416	-0.43694200412741796	-0.40091489723718104	2.2591927243341203	-0.079241387037379	-0.18259398768736604	False	False	False	False	False	True	False	False	False	Virus_24h	#F0E442	-0.122485170170938
P24752			-0.19078609535616398	1.7957940159170702	-1.13704176050566	0.6141471034305289	-0.5581715844658679	0.7115294045245641	-0.222072499800288	-0.23708256932410698	False	True	False	False	False	False	False	False	False	Control_24h	#F68B33	-0.130493838685549
P04183			-0.878021383350891	2.03031683829897	-0.441021276996258	0.130988298467474	-0.5503264544655639	0.31781953719843997	-0.704617139419956	-0.593799646161991	False	True	False	False	False	False	False	False	False	Control_24h	#F68B33	-0.13054600377164802
P00338			0.0141512705882226	2.13719191604422	-0.7503793283337271	-0.997527301451942	-0.470401706331393	-0.695638986978907	0.33852238195574297	-0.900844501982933	False	True	False	False	False	False	False	False	False	Control_24h	#F68B33	-0.13533300661748
P56385			0.7788603504643179	1.52584723206109	-0.10138782545011399	0.286495212342923	-0.163275324518274	-1.03987753704962	-0.7238452071480072	-0.344678356285723	False	True	False	False	False	False	False	False	False	Control_24h	#F68B33	-0.138856048004865
P61006			-0.0954499127091546	1.73928407615526	-0.631500002512163	-0.260080380040435	-0.883913254915178	1.13714842063133	-0.260610453586948	-0.372840293670284	False	True	False	False	False	False	False	False	False	Control_24h	#F68B33	-0.14726338592922197
O00762			-0.5040489657797861	2.44254322934623	-0.0196227838266008	-0.0537291582560103	-0.574102001249214	-1.00220937617579	-0.17650755267867602	-0.306832285299464	False	True	False	False	False	False	False	False	False	Control_24h	#F68B33	-0.151131531375181
P11388			-0.47252116051595894	1.7329171262712801	-0.0831840738786566	0.21086851246685698	-0.485781029292628	1.25505657917515	-1.04553701945804	-0.982832484220441	False	True	False	False	False	False	False	False	False	Control_24h	#F68B33	-0.15152914364335096
Q9BXS6			-0.479386981132265	2.07632591770181	-0.21456477888406797	-0.0120959224900678	-0.825391709284848	-0.361664422222376	0.0653860942817082	-0.6059145887227211	False	True	False	False	False	False	False	False	False	Control_24h	#F68B33	-0.155207282753347
P51991			0.43173273248851096	1.6052515475410403	-0.19370179051450503	-0.0396908795739625	-0.9568484996812071	-0.24075774533997302	-1.29254050636372	-0.134676975278323	False	True	False	False	False	False	False	False	False	Control_24h	#F68B33	-0.15555940858756698
O43242			-0.22905900532651602	-0.0669397815939971	-0.26637094895869395	-0.176249432714522	-0.608363467925769	2.8133360772261202	-0.45879362188120293	-0.421502405764146	False	False	False	False	False	True	False	False	False	Virus_24h	#F0E442	-0.15895857360015
Q9NQC3			0.21895237870369502	1.900167448078	0.0013928606262942	0.265073350451918	-0.5872987868447379	-0.8266746659169399	-0.6744752277381579	-0.221789151989656	False	True	False	False	False	False	False	False	False	Control_24h	#F68B33	-0.15992934037292003
Q8N5M4			-0.22052091069270802	2.0324292506769197	-0.8100693022176491	0.0460346707893843	-0.2334640294162	-0.0805191725492735	-1.51851828882091	0.283899606662837	False	True	False	False	False	False	False	False	False	Control_24h	#F68B33	-0.162094461116879
P04040			-0.494873926532652	2.24169614080406	0.0560250838025714	-0.37787577728652394	-1.02877041539554	0.633959378514281	-0.180863044247675	-0.7498549896353092	False	True	False	False	False	False	False	False	False	Control_24h	#F68B33	-0.16277447147406698
Q9NRX4			0.324738378756789	1.14751292554662	-0.937866804329484	-1.38866161769364	1.06711597547052	0.779167419681963	-0.0664831356322716	-0.6904987504409699	False	True	False	False	False	False	False	False	False	Control_24h	#F68B33	-0.16490546993687
P04181			-0.12420613747447301	2.33937287113269	0.0317132823986605	-0.113357517289235	-0.545367391270678	-1.02124184884742	-0.10779127071576401	-0.32698222691275897	False	True	False	False	False	False	False	False	False	Control_24h	#F68B33	-0.167466203323051
P00374			-0.187592534214826	2.68113121952719	-0.494616340595652	-0.0861758370722227	-0.608743005570837	-0.61026833359513	-0.31339685876916995	-0.8308420454495269	False	True	False	False	False	False	False	False	False	Control_24h	#F68B33	-0.173488712088844
P14927			0.39834552173136706	2.10322336109305	-0.310095756075893	0.036291653871744	-0.485941310375182	-0.996875770328792	-1.16220005360215	0.00712431123207658	False	True	False	False	False	False	False	False	False	Control_24h	#F68B33	-0.174121604227944
Q9H0H5	Rac GTPase-activating protein 1;RACGAP1;ortholog	GTPase-activating protein(PC00257)	-0.242076056420371	2.56783816544339	-0.561495312556311	0.0625711698425514	-0.9640933571039879	0.511089239668698	-0.634588923329715	-0.294638553532796	False	True	False	False	False	False	False	False	False	Control_24h	#F68B33	-0.18377371590498998
P16403			-0.35446885698030395	2.59598926707919	0.0029142186835039397	-0.293037176354882	-0.525500657202747	-0.7494500277829449	-0.229403749125716	-0.452521817565739	False	True	False	False	False	False	False	False	False	Control_24h	#F68B33	-0.186700547728886
P16402			-0.546293492146487	2.7252968305137997	-0.1581206426654	-0.217946437716387	-0.41462062339704797	-0.32600117594295397	-0.277693552651823	-0.5151174112236121	False	True	False	False	False	False	False	False	False	Control_24h	#F68B33	-0.188691647589507
Q86SE5			0.228623545342376	2.04356590323958	-0.48730270989324803	0.43567459606444503	-0.37305860305585997	-0.6722366698451709	-0.9101403936555942	-0.7318209394200792	False	True	False	False	False	False	False	False	False	Control_24h	#F68B33	-0.19000607845763395
P09211	Glutathione S-transferase P;GSTP1;ortholog		0.6179901012818579	1.67245607223331	-0.952592527892008	0.16986647690634502	-0.0338870855694504	-0.614492428467982	-1.10865146606167	-0.0536478018111266	False	True	False	False	False	False	False	False	False	Control_24h	#F68B33	-0.190440288675915
P55209			-0.457638639215461	-0.150283335781708	-0.38952538380038104	-0.326153008274667	0.0251028225574166	2.3066870429439	-0.487020608136681	-0.862463133799475	False	False	False	False	False	True	False	False	False	Virus_24h	#F0E442	-0.190983869907063
Q9NX00			0.34621170921299504	0.24765729522224603	-0.897379032591265	-0.804223745704167	1.27351838154552	-0.812162450653456	0.112489661869047	-1.16721217574114	False	False	False	False	True	False	False	False	False	Virus_10h	#CC79A7	-0.19663067299797304
Q71DI3			-0.3451915534297	2.48871192599906	-0.0450057507449266	-0.156341440593687	-0.608390865011529	-0.458608866395656	-0.297667505468083	-0.505238405553248	False	True	False	False	False	False	False	False	False	Control_24h	#F68B33	-0.197979299637321
P10412	Histone H1.4;HIST1H1E;ortholog	histone(PC00118)	-0.34804379308938505	2.67356786808694	0.0312318783173632	-0.181447742681582	-0.378008454744414	-0.6451411838528119	-0.396697905016492	-0.47953886853375705	False	True	False	False	False	False	False	False	False	Control_24h	#F68B33	-0.20316700870250698
O75438	NADH dehydrogenase [ubiquinone] 1 beta subcomplex subunit 1;NDUFB1;ortholog	dehydrogenase(PC00092)	0.383663070695392	2.32383271758166	-0.0257703560512224	-0.215852958213971	-0.49056602617509903	0.175489824673112	-1.11787586390873	-0.444960516334585	False	True	False	False	False	False	False	False	False	Control_24h	#F68B33	-0.211700210516126
Q3KQU3			0.263515713066469	0.10742249090243303	-0.34900236500305	-0.8524208251308351	1.355270973757	-0.142137090477358	0.603314994361286	-0.45087784133568304	False	False	False	False	True	False	False	False	False	Virus_10h	#CC79A7	-0.220159397673114
P30040			0.9207681408582931	1.8223356026431101	-0.609295246046872	-0.7474991749829141	-0.5770110472231501	0.30804426452660805	-1.1355745934018502	-0.505910593040258	False	True	False	False	False	False	False	False	False	Control_24h	#F68B33	-0.23327602241025197
Q96A33			-0.281109927968174	-0.641203912112994	-0.7607674257002529	-0.19170243362508102	-0.20945409095175602	2.4504959278747003	-0.541998903480723	-0.328682996078601	False	False	False	False	False	True	False	False	False	Virus_24h	#F0E442	-0.24656147148260102
Q5T6V5			-0.0914705013342011	-0.569235811968593	-0.359984007979587	-0.6683799224324871	-0.123879356205659	2.52674072113235	-0.31540256534071603	-0.5355736589675929	False	False	False	False	False	True	False	False	False	Virus_24h	#F0E442	-0.262672321300215
Q9NX63	MICOS complex subunit MIC19;CHCHD3;ortholog		-0.452996947549679	-0.29401976754298	-0.414666822383769	-0.636631598746979	-0.347364964545377	2.52162872391221	-0.0249852558774756	-0.39593757092921505	False	False	False	False	False	True	False	False	False	Virus_24h	#F0E442	-0.284445655777724
P47756	F-actin-capping protein subunit beta;CAPZB;ortholog	non-motor actin binding protein(PC00165)	-0.23938982792074803	-0.804589387949852	-0.00428651816288256	-0.45741293173249	-0.39146569193851793	2.3705819818080096	-0.0124289035808067	-0.526002137169846	False	False	False	False	False	True	False	False	False	Virus_24h	#F0E442	-0.306330800966625
Q7Z3J2	VPS35 endosomal protein sorting factor-like;VPS35L;ortholog		-0.0510142919554344	-0.771386942027477	-0.0971897665789928	-0.38156514496127597	-0.310443812805303	2.30042911102505	-0.498068845690951	-0.641227228061271	False	False	False	False	False	True	False	False	False	Virus_24h	#F0E442	-0.309438793582337
Q9Y281			-0.23697907035041002	-0.513829656576787	-0.00364115737042679	-0.31745357099624394	-0.316224026099949	2.44044515951333	-0.6054957796209439	-0.437982009387609	False	False	False	False	False	True	False	False	False	Virus_24h	#F0E442	-0.309923125485417
Q07021	Complement component 1 Q subcomponent-binding protein		0.21207304725564002	-0.388812317143242	-0.6137386193764129	-0.443112041931622	-0.40092987189466106	2.59249209717871	-0.485548955259425	-0.524936356587	False	False	False	False	False	True	False	False	False	Virus_24h	#F0E442	-0.344041100650385
Q03701			-0.335722303322346	-0.460191961955943	-0.5303974428494089	-0.171901167220652	-0.26804530052127107	2.5341392909134304	-0.338902608441213	-0.523006686543979	False	False	False	False	False	True	False	False	False	Virus_24h	#F0E442	-0.352307716623533
Q00839	Heterogeneous nuclear ribonucleoprotein U;HNRNPU;ortholog		-0.19498259953773397	-0.42408631994626594	-0.562922003852832	-0.3794933509704079	-0.255244837442723	2.52527403894085	-0.520118737245329	-0.283377933448292	False	False	False	False	False	True	False	False	False	Virus_24h	#F0E442	-0.35531728899473
